{
  "users": [
    {
      "id": 0,
      "userName": "admin",
      "password": "admin@1234"
    },
    {
      "id": 1,
      "userName": "azit986",
      "password": "azt@986980"
    },
    {
      "id": 2,
      "userName": "azitabh",
      "password": "lotslots12"
    },
    {
      "id": 3,
      "userName": "AzitabhDinesh",
      "password": "Azt@986980"
    },
    {
      "id": 4,
      "userName": "12313",
      "password": "azt#12345"
    },
    {
      "id": 5,
      "userName": "AzitabhDinesh1",
      "password": "1234567890"
    },
    {
      "id": 6,
      "userName": "aws",
      "password": "1209876541"
    },
    {
      "id": 7,
      "userName": "AzitabhDinesh12",
      "password": "1209876512"
    },
    {
      "id": 8,
      "userName": "AzitabhDinesh14",
      "password": "1134567890-"
    },
    {
      "id": 9,
      "userName": "AzitabhDinesh15",
      "password": "12312345678"
    },
    {
      "id": 10,
      "userName": "AzitabhDinesh10",
      "password": "Azt@986980"
    },
    {
      "id": 19,
      "userName": "AzitabhDines",
      "password": "1234567890"
    },
    {
      "id": 21,
      "userName": "213122",
      "password": "1234567890"
    },
    {
      "id": 22,
      "userName": "21300",
      "password": "1234567890"
    },
    {
      "id": 23,
      "userName": "00000",
      "password": "asdfghjkl"
    },
    {
      "id": 25,
      "userName": "123456789",
      "password": "123456789"
    },
    {
      "id": 26,
      "userName": "AzitabhDinesh0000",
      "password": "Azt@986980"
    },
    {
      "id": 27,
      "userName": "AzitabhD",
      "password": "0987654321"
    },
    {
      "id": 28,
      "userName": "azit986980",
      "password": "Azt@986980"
    },
    {
      "id": 30,
      "userName": "Klpd1234",
      "password": "90909090"
    },
    {
      "id": 31,
      "userName": "ADADADAD",
      "password": "asdfghjkl"
    }
  ],
  "pets": [
    {
      "id": 1,
      "petName": "Jicko",
      "petPlace": "CH",
      "petAge": 5,
      "petOwnerId": 1
    },
    {
      "id": 2,
      "petName": "Jermen",
      "petPlace": "RH",
      "petAge": 15,
      "petOwnerId": 1
    },
    {
      "id": 3,
      "petName": "Ra",
      "petPlace": "KA",
      "petAge": "12",
      "petOwnerId": 3
    },
    {
      "id": 4,
      "petName": "KK",
      "petPlace": "CH",
      "petAge": "21",
      "petOwnerId": 3
    },
    {
      "id": 5,
      "petName": "Ra",
      "petPlace": "KA",
      "petAge": "12",
      "petOwnerId": 5
    },
    {
      "id": 6,
      "petName": "OKK",
      "petPlace": "CH",
      "petAge": "22",
      "petOwnerId": 3
    },
    {
      "id": 7,
      "petName": "love",
      "petPlace": "OL",
      "petAge": "12",
      "petOwnerId": 3
    },
    {
      "id": 8,
      "petName": "Lovely",
      "petPlace": "QW",
      "petAge": "10",
      "petOwnerId": 10
    },
    {
      "id": 9,
      "petName": "new",
      "petPlace": "qw",
      "petAge": "1",
      "petOwnerId": 3
    },
    {
      "id": 10,
      "petName": "KK",
      "petPlace": "CH",
      "petAge": "21",
      "petOwnerId": 10
    },
    {
      "id": 11,
      "petName": "Jackon",
      "petPlace": "PL",
      "petAge": "12",
      "petOwnerId": 3
    },
    {
      "id": 12,
      "petName": "Johny",
      "petPlace": "BLR",
      "petAge": "12",
      "petOwnerId": 3
    },
    {
      "id": 13,
      "petName": "LovelyKR",
      "petPlace": "QW",
      "petAge": "1",
      "petOwnerId": 3
    },
    {
      "id": 14,
      "petName": "some other type",
      "petPlace": "Himachal",
      "petAge": "12",
      "petOwnerId": 3
    },
    {
      "id": 15,
      "petName": "KKjjj",
      "petPlace": "rx11",
      "petAge": "12",
      "petOwnerId": 3
    },
    {
      "id": 16,
      "petName": "LovelyKS",
      "petPlace": "NO",
      "petAge": "22",
      "petOwnerId": 3
    },
    {
      "id": 17,
      "petName": "RosyD",
      "petPlace": "Bihar",
      "petAge": "12",
      "petOwnerId": 3
    },
    {
      "id": 18,
      "petName": "new Pet",
      "petPlace": "Jharkhand",
      "petAge": "01",
      "petOwnerId": 3
    },
    {
      "id": 19,
      "petName": "Lovely Dummy",
      "petPlace": "OKLA",
      "petAge": "10",
      "petOwnerId": 0
    }
  ]
}