{
  "users": [
    {
      "id": 1,
      "userName": "azit986",
      "password": "azt@986980"
    },
    {
      "id": 2,
      "userName": "azitabh",
      "password": "lotslots12"
    },
    {
      "id": 3,
      "userName": "AzitabhDinesh",
      "password": "Azt@986980"
    },
    {
      "id": 4,
      "userName": "12313",
      "password": "azt#12345"
    },
    {
      "id": 5,
      "userName": "AzitabhDinesh1",
      "password": "1234567890"
    },
    {
      "id": 6,
      "userName": "aws",
      "password": "1209876541"
    },
    {
      "id": 7,
      "userName": "AzitabhDinesh12",
      "password": "1209876512"
    },
    {
      "id": 8,
      "userName": "AzitabhDinesh14",
      "password": "1134567890-"
    },
    {
      "id": 9,
      "userName": "AzitabhDinesh15",
      "password": "12312345678"
    },
    {
      "id": 10,
      "userName": "AzitabhDinesh10",
      "password": "Azt@986980"
    },
    {
      "id": 11,
      "userName": null,
      "password": null
    },
    {
      "id": 12,
      "userName": null,
      "password": null
    },
    {
      "id": 13,
      "userName": null,
      "password": null
    },
    {
      "id": 14,
      "userName": "",
      "password": ""
    },
    {
      "id": 15,
      "userName": "",
      "password": ""
    },
    {
      "id": 16,
      "userName": "",
      "password": ""
    },
    {
      "id": 17,
      "userName": null,
      "password": null
    },
    {
      "id": 18,
      "userName": null,
      "password": null
    },
    {
      "id": 19,
      "userName": "AzitabhDines",
      "password": "1234567890"
    },
    {
      "id": 20,
      "userName": null,
      "password": null
    },
    {
      "id": 21,
      "userName": "213122",
      "password": "1234567890"
    },
    {
      "id": 22,
      "userName": "21300",
      "password": "1234567890"
    },
    {
      "id": 23,
      "userName": "00000",
      "password": "asdfghjkl"
    },
    {
      "id": 24,
      "userName": null,
      "password": null
    },
    {
      "id": 25,
      "userName": "123456789",
      "password": "123456789"
    },
    {
      "id": 26,
      "userName": "AzitabhDinesh0000",
      "password": "Azt@986980"
    },
    {
      "id": 27,
      "userName": "AzitabhD",
      "password": "0987654321"
    },
    {
      "id": 28,
      "userName": "azit986980",
      "password": "Azt@986980"
    },
    {
      "id": 30,
      "userName": "Klpd1234",
      "password": "90909090"
    },
    {
      "id": 31,
      "userName": "ADADADAD",
      "password": "asdfghjkl"
    }
  ]
}